[
  {
    "id" : "hl7.fhir.no.municipal",
    "type" : "ImplementationGuide",
    "url" : "https://github.com/oslokommune/Pasientjournal-API/ImplementationGuide/hl7.fhir.no.municipal",
    "version" : "0.2.0",
    "name" : "Municipal"
  },
  {
    "id" : "municipal-appointment",
    "type" : "StructureDefinition",
    "url" : "https://github.com/oslokommune/Pasientjournal-API/StructureDefinition/municipal-appointment",
    "version" : "0.2.0",
    "name" : "MunicipalAppointment"
  },
  {
    "id" : "municipal-careplan",
    "type" : "StructureDefinition",
    "url" : "https://github.com/oslokommune/Pasientjournal-API/StructureDefinition/municipal-careplan",
    "version" : "0.2.0",
    "name" : "MunicipalCarePlan"
  },
  {
    "id" : "municipal-composition",
    "type" : "StructureDefinition",
    "url" : "https://github.com/oslokommune/Pasientjournal-API/StructureDefinition/municipal-composition",
    "version" : "0.2.0",
    "name" : "MunicipalComposition"
  },
  {
    "id" : "municipal-documentreference",
    "type" : "StructureDefinition",
    "url" : "https://github.com/oslokommune/Pasientjournal-API/StructureDefinition/municipal-documentreference",
    "version" : "0.2.0",
    "name" : "MunicipalDocumentReference"
  },
  {
    "id" : "municipal-encounter",
    "type" : "StructureDefinition",
    "url" : "https://github.com/oslokommune/Pasientjournal-API/StructureDefinition/municipal-encounter",
    "version" : "0.2.0",
    "name" : "MunicipalEncounter"
  },
  {
    "id" : "municipal-location",
    "type" : "StructureDefinition",
    "url" : "https://github.com/oslokommune/Pasientjournal-API/StructureDefinition/municipal-location",
    "version" : "0.2.0",
    "name" : "MunicipalLocation"
  },
  {
    "id" : "municipal-observation",
    "type" : "StructureDefinition",
    "url" : "https://github.com/oslokommune/Pasientjournal-API/StructureDefinition/municipal-observation",
    "version" : "0.2.0",
    "name" : "MunicipalObservation"
  },
  {
    "id" : "municipal-organization",
    "type" : "StructureDefinition",
    "url" : "https://github.com/oslokommune/Pasientjournal-API/StructureDefinition/municipal-organization",
    "version" : "0.2.0",
    "name" : "MunicipalOrganization"
  },
  {
    "id" : "municipal-patient",
    "type" : "StructureDefinition",
    "url" : "https://github.com/oslokommune/Pasientjournal-API/StructureDefinition/municipal-patient",
    "version" : "0.2.0",
    "name" : "MunicipalPatient"
  },
  {
    "id" : "municipal-practitioner",
    "type" : "StructureDefinition",
    "url" : "https://github.com/oslokommune/Pasientjournal-API/StructureDefinition/municipal-practitioner",
    "version" : "0.2.0",
    "name" : "MunicipalPractitioner"
  },
  {
    "id" : "municipal-service",
    "type" : "StructureDefinition",
    "url" : "https://github.com/oslokommune/Pasientjournal-API/StructureDefinition/municipal-service",
    "version" : "0.2.0",
    "name" : "MunicipalService"
  }
]
