{
  "package": "hl7.fhir.no.domain.ehr.core",
  "version": "0.1.0",
  "fhirVersion": "4.0.1",
  "extensions": [],
  "profiles": {
    "Appointment": [
      {
        "url": "https://github.com/oslokommune/Pasientjournal-API/StructureDefinition/no-ehr-core-appointment",
        "title": "no-ehr-core-appointment"
      }
    ],
    "CarePlan": [
      {
        "url": "https://github.com/oslokommune/Pasientjournal-API/StructureDefinition/no-ehr-core-careplan",
        "title": "no-ehr-core-care-plan"
      }
    ],
    "Composition": [
      {
        "url": "https://github.com/oslokommune/Pasientjournal-API/StructureDefinition/no-ehr-core-composition",
        "title": "no-ehr-core-composition"
      }
    ],
    "DocumentReference": [
      {
        "url": "https://github.com/oslokommune/Pasientjournal-API/StructureDefinition/no-ehr-core-documentreference",
        "title": "no-ehr-core-document-reference"
      }
    ],
    "Encounter": [
      {
        "url": "https://github.com/oslokommune/Pasientjournal-API/StructureDefinition/no-ehr-core-encounter",
        "title": "no-ehr-core-encounter"
      }
    ],
    "Location": [
      {
        "url": "https://github.com/oslokommune/Pasientjournal-API/StructureDefinition/no-ehr-core-location",
        "title": "no-ehr-core-location"
      }
    ],
    "Observation": [
      {
        "url": "https://github.com/oslokommune/Pasientjournal-API/StructureDefinition/no-ehr-core-observation",
        "title": "no-ehr-core-observation"
      }
    ],
    "Organization": [
      {
        "url": "https://github.com/oslokommune/Pasientjournal-API/StructureDefinition/no-ehr-core-organization",
        "title": "no-ehr-core-organization"
      }
    ],
    "Patient": [
      {
        "url": "https://github.com/oslokommune/Pasientjournal-API/StructureDefinition/no-ehr-core-patient",
        "title": "no-ehr-core-patient"
      }
    ],
    "Practitioner": [
      {
        "url": "https://github.com/oslokommune/Pasientjournal-API/StructureDefinition/no-ehr-core-practitioner",
        "title": "no-ehr-core-practitioner"
      }
    ]
  },
  "usage": {
    "http://hl7.no/fhir/StructureDefinition/no-basis-group": [
      "Appointment"
    ],
    "http://hl7.no/fhir/StructureDefinition/no-basis-partof": [
      "Appointment"
    ],
    "http://hl7.no/fhir/StructureDefinition/no-basis-virtual-service": [
      "Appointment"
    ],
    "http://hl7.org/fhir/StructureDefinition/elementdefinition-bestpractice": [
      "StructureDefinition.snapshot.element.constraint"
    ],
    "http://hl7.org/fhir/StructureDefinition/elementdefinition-bestpractice-explanation": [
      "StructureDefinition.snapshot.element.constraint"
    ],
    "http://hl7.org/fhir/StructureDefinition/elementdefinition-bindingName": [
      "StructureDefinition.snapshot.element.binding"
    ],
    "http://hl7.org/fhir/StructureDefinition/elementdefinition-maxValueSet": [
      "StructureDefinition.snapshot.element.binding"
    ],
    "http://hl7.org/fhir/StructureDefinition/elementdefinition-translatable": [
      "StructureDefinition.snapshot.element"
    ],
    "http://hl7.org/fhir/StructureDefinition/patient-citizenship": [
      "Patient"
    ],
    "http://hl7.org/fhir/StructureDefinition/structuredefinition-display-hint": [
      "StructureDefinition.snapshot.element"
    ],
    "http://hl7.org/fhir/StructureDefinition/structuredefinition-fhir-type": [
      "StructureDefinition.snapshot.element.type"
    ],
    "http://hl7.org/fhir/StructureDefinition/structuredefinition-hierarchy": [
      "StructureDefinition.snapshot.element.type"
    ],
    "http://hl7.org/fhir/tools/StructureDefinition/ig-internal-dependency": [
      "ImplementationGuide.definition"
    ],
    "http://hl7.org/fhir/tools/StructureDefinition/ig-page-name": [
      "ImplementationGuide.definition.page",
      "ImplementationGuide.definition.page.page",
      "ImplementationGuide.definition.page.page.page"
    ],
    "http://hl7.org/fhir/tools/StructureDefinition/ig-parameter": [
      "ImplementationGuide.definition"
    ],
    "http://hl7.org/fhir/tools/StructureDefinition/implementationguide-dependency-comment": [
      "ImplementationGuide.dependsOn"
    ],
    "http://hl7.org/fhir/tools/StructureDefinition/resource-information": [
      "ImplementationGuide.definition.resource"
    ]
  }
}