{
  "package": "hl7.fhir.no.municipal",
  "version": "0.2.0",
  "fhirVersion": "4.0.1",
  "extensions": [],
  "profiles": {
    "Appointment": [
      {
        "url": "https://github.com/oslokommune/Pasientjournal-API/StructureDefinition/municipal-appointment",
        "title": "municipal-appointment"
      }
    ],
    "CarePlan": [
      {
        "url": "https://github.com/oslokommune/Pasientjournal-API/StructureDefinition/municipal-careplan",
        "title": "municipal-care-plan"
      }
    ],
    "Composition": [
      {
        "url": "https://github.com/oslokommune/Pasientjournal-API/StructureDefinition/municipal-composition",
        "title": "municipal-composition"
      }
    ],
    "DocumentReference": [
      {
        "url": "https://github.com/oslokommune/Pasientjournal-API/StructureDefinition/municipal-documentreference",
        "title": "municipal-document-reference"
      }
    ],
    "Encounter": [
      {
        "url": "https://github.com/oslokommune/Pasientjournal-API/StructureDefinition/municipal-encounter",
        "title": "municipal-encounter"
      }
    ],
    "Location": [
      {
        "url": "https://github.com/oslokommune/Pasientjournal-API/StructureDefinition/municipal-location",
        "title": "municipal-location"
      }
    ],
    "Observation": [
      {
        "url": "https://github.com/oslokommune/Pasientjournal-API/StructureDefinition/municipal-observation",
        "title": "municipal-observation"
      }
    ],
    "Organization": [
      {
        "url": "https://github.com/oslokommune/Pasientjournal-API/StructureDefinition/municipal-organization",
        "title": "municipal-organization"
      }
    ],
    "Patient": [
      {
        "url": "https://github.com/oslokommune/Pasientjournal-API/StructureDefinition/municipal-patient",
        "title": "municipal-patient"
      }
    ],
    "Practitioner": [
      {
        "url": "https://github.com/oslokommune/Pasientjournal-API/StructureDefinition/municipal-practitioner",
        "title": "municipal-practitioner"
      }
    ],
    "EpisodeOfCare": [
      {
        "url": "https://github.com/oslokommune/Pasientjournal-API/StructureDefinition/municipal-service",
        "title": "municipal-service"
      }
    ]
  },
  "usage": {
    "http://hl7.no/fhir/StructureDefinition/no-basis-group": [
      "Appointment"
    ],
    "http://hl7.no/fhir/StructureDefinition/no-basis-partof": [
      "Appointment"
    ],
    "http://hl7.no/fhir/StructureDefinition/no-basis-virtual-service": [
      "Appointment"
    ],
    "http://hl7.org/fhir/StructureDefinition/elementdefinition-bestpractice": [
      "StructureDefinition.snapshot.element.constraint"
    ],
    "http://hl7.org/fhir/StructureDefinition/elementdefinition-bestpractice-explanation": [
      "StructureDefinition.snapshot.element.constraint"
    ],
    "http://hl7.org/fhir/StructureDefinition/elementdefinition-bindingName": [
      "StructureDefinition.snapshot.element.binding"
    ],
    "http://hl7.org/fhir/StructureDefinition/elementdefinition-maxValueSet": [
      "StructureDefinition.snapshot.element.binding"
    ],
    "http://hl7.org/fhir/StructureDefinition/elementdefinition-translatable": [
      "StructureDefinition.snapshot.element"
    ],
    "http://hl7.org/fhir/StructureDefinition/patient-citizenship": [
      "Patient"
    ],
    "http://hl7.org/fhir/StructureDefinition/structuredefinition-display-hint": [
      "StructureDefinition.snapshot.element"
    ],
    "http://hl7.org/fhir/StructureDefinition/structuredefinition-fhir-type": [
      "StructureDefinition.snapshot.element.type"
    ],
    "http://hl7.org/fhir/StructureDefinition/structuredefinition-hierarchy": [
      "StructureDefinition.differential.element.type",
      "StructureDefinition.snapshot.element.type"
    ],
    "http://hl7.org/fhir/tools/StructureDefinition/ig-internal-dependency": [
      "ImplementationGuide.definition"
    ],
    "http://hl7.org/fhir/tools/StructureDefinition/ig-page-name": [
      "ImplementationGuide.definition.page",
      "ImplementationGuide.definition.page.page",
      "ImplementationGuide.definition.page.page.page"
    ],
    "http://hl7.org/fhir/tools/StructureDefinition/ig-parameter": [
      "ImplementationGuide.definition"
    ],
    "http://hl7.org/fhir/tools/StructureDefinition/implementationguide-dependency-comment": [
      "ImplementationGuide.dependsOn"
    ],
    "http://hl7.org/fhir/tools/StructureDefinition/resource-information": [
      "ImplementationGuide.definition.resource"
    ],
    "http://hl7.org/fhir/tools/StructureDefinition/snapshot-base-version": [
      "StructureDefinition.snapshot"
    ]
  }
}