{
  "codeSystems" : [
    {
      "url" : "http://hl7.no/fhir/ValueSet/no-basis-documentreference-type",
      "version" : "2.0.17",
      "status" : "active",
      "name" : "NoBasisDocumentReferenceType",
      "title" : "no-basis-documentreference-type.valueset",
      "description" : null,
      "systems" : ["urn:oid:2.16.578.1.12.4.1.1.9602"],
      "uses" : {
      },
      "StructureDefinition-no-ehr-core-documentreference.html" : "no-ehr-core-document-reference",
      "StructureDefinition-no-ehr-core-composition.html" : "no-ehr-core-composition"
    },
    {
      "url" : "http://hl7.org/fhir/ValueSet/administrative-gender",
      "version" : "4.0.1",
      "status" : "active",
      "name" : "AdministrativeGender",
      "title" : "AdministrativeGender",
      "description" : "The gender of a person used for administrative purposes.",
      "systems" : ["http://hl7.org/fhir/administrative-gender"],
      "oids" : ["2.16.840.1.113883.4.642.3.1"],
      "sources" : ["2.16.840.1.113883.4.642.3.1"],
      "uses" : {
      },
      "StructureDefinition-no-ehr-core-practitioner.html" : "no-ehr-core-practitioner",
      "StructureDefinition-no-ehr-core-patient.html" : "no-ehr-core-patient"
    },
    {
      "url" : "http://hl7.org/fhir/ValueSet/appointment-cancellation-reason",
      "version" : "4.0.1",
      "status" : "draft",
      "name" : "AppointmentCancellationReason",
      "title" : "Appointment cancellation reason",
      "description" : "This example value set defines a set of reasons for the cancellation of an appointment.",
      "systems" : [
        "http://terminology.hl7.org/CodeSystem/appointment-cancellation-reason"
      ],
      "oids" : ["2.16.840.1.113883.4.642.3.1381"],
      "sources" : ["2.16.840.1.113883.4.642.3.1381"],
      "uses" : {
      },
      "StructureDefinition-no-ehr-core-appointment.html" : "no-ehr-core-appointment"
    },
    {
      "url" : "http://hl7.org/fhir/ValueSet/appointmentstatus",
      "version" : "4.0.1",
      "status" : "draft",
      "name" : "AppointmentStatus",
      "title" : "AppointmentStatus",
      "description" : "The free/busy status of an appointment.",
      "systems" : ["http://hl7.org/fhir/appointmentstatus"],
      "oids" : ["2.16.840.1.113883.4.642.3.484"],
      "sources" : ["2.16.840.1.113883.4.642.3.484"],
      "uses" : {
      },
      "StructureDefinition-no-ehr-core-appointment.html" : "no-ehr-core-appointment"
    },
    {
      "url" : "http://hl7.org/fhir/ValueSet/body-site",
      "version" : "4.0.1",
      "status" : "draft",
      "name" : "SNOMEDCTBodyStructures",
      "title" : "SNOMED CT Body Structures",
      "description" : "This value set includes all codes from [SNOMED CT](http://snomed.info/sct) where concept is-a 442083009 (Anatomical or acquired body site (body structure)).",
      "systems" : ["http://snomed.info/sct"],
      "oids" : ["2.16.840.1.113883.4.642.3.141"],
      "sources" : ["2.16.840.1.113883.4.642.3.141"],
      "uses" : {
      },
      "StructureDefinition-no-ehr-core-observation.html" : "no-ehr-core-observation"
    },
    {
      "url" : "http://hl7.org/fhir/ValueSet/c80-facilitycodes",
      "version" : "4.0.1",
      "status" : "active",
      "name" : "FacilityTypeCodeValueSet",
      "title" : "Facility Type Code Value Set",
      "description" : "This is the code representing the type of organizational setting where the clinical encounter, service, interaction, or treatment occurred. The value set used for Healthcare Facility Type has been defined by HITSP to be the value set reproduced from HITSP C80 Table 2-147.",
      "systems" : ["http://snomed.info/sct"],
      "oids" : ["2.16.840.1.113883.3.88.12.80.67"],
      "sources" : ["2.16.840.1.113883.3.88.12.80.67"],
      "uses" : {
      },
      "StructureDefinition-no-ehr-core-documentreference.html" : "no-ehr-core-document-reference"
    },
    {
      "url" : "http://hl7.org/fhir/ValueSet/c80-practice-codes",
      "version" : "4.0.1",
      "status" : "active",
      "name" : "PracticeSettingCodeValueSet",
      "title" : "Practice Setting Code Value Set",
      "description" : "This is the code representing the clinical specialty of the clinician or provider who interacted with, treated, or provided a service to/for the patient. The value set used for clinical specialty has been limited by HITSP to the value set reproduced from HITSP C80 Table 2-149 Clinical Specialty Value Set Definition.",
      "systems" : ["http://snomed.info/sct"],
      "oids" : ["2.16.840.1.113883.3.88.12.80.72"],
      "sources" : ["2.16.840.1.113883.3.88.12.80.72"],
      "uses" : {
      },
      "StructureDefinition-no-ehr-core-documentreference.html" : "no-ehr-core-document-reference",
      "StructureDefinition-no-ehr-core-appointment.html" : "no-ehr-core-appointment"
    },
    {
      "url" : "http://hl7.org/fhir/ValueSet/care-plan-activity-kind",
      "version" : "4.0.1",
      "status" : "draft",
      "name" : "CarePlanActivityKind",
      "title" : "Care Plan Activity Kind",
      "description" : "Resource types defined as part of FHIR that can be represented as in-line definitions of a care plan activity.",
      "systems" : ["http://hl7.org/fhir/resource-types"],
      "oids" : ["2.16.840.1.113883.4.642.3.145"],
      "sources" : ["2.16.840.1.113883.4.642.3.145"],
      "uses" : {
      },
      "StructureDefinition-no-ehr-core-careplan.html" : "no-ehr-core-care-plan"
    },
    {
      "url" : "http://hl7.org/fhir/ValueSet/care-plan-activity-outcome",
      "version" : "4.0.1",
      "status" : "draft",
      "name" : "CarePlanActivityOutcome",
      "title" : "Care Plan Activity Outcome",
      "description" : "Example codes indicating the outcome of a care plan activity. Note that these are in no way complete and might not even be appropriate for some uses.",
      "systems" : ["http://snomed.info/sct"],
      "oids" : ["2.16.840.1.113883.4.642.3.149"],
      "sources" : ["2.16.840.1.113883.4.642.3.149"],
      "uses" : {
      },
      "StructureDefinition-no-ehr-core-careplan.html" : "no-ehr-core-care-plan"
    },
    {
      "url" : "http://hl7.org/fhir/ValueSet/care-plan-activity-status",
      "version" : "4.0.1",
      "status" : "draft",
      "name" : "CarePlanActivityStatus",
      "title" : "CarePlanActivityStatus",
      "description" : "Codes that reflect the current state of a care plan activity within its overall life cycle.",
      "systems" : ["http://hl7.org/fhir/care-plan-activity-status"],
      "oids" : ["2.16.840.1.113883.4.642.3.146"],
      "sources" : ["2.16.840.1.113883.4.642.3.146"],
      "uses" : {
      },
      "StructureDefinition-no-ehr-core-careplan.html" : "no-ehr-core-care-plan"
    },
    {
      "url" : "http://hl7.org/fhir/ValueSet/care-plan-category",
      "version" : "4.0.1",
      "status" : "draft",
      "name" : "CarePlanCategory",
      "title" : "Care Plan Category",
      "description" : "Example codes indicating the category a care plan falls within.  Note that these are in no way complete and might not even be appropriate for some uses.",
      "systems" : ["http://snomed.info/sct"],
      "oids" : ["2.16.840.1.113883.4.642.3.148"],
      "sources" : ["2.16.840.1.113883.4.642.3.148"],
      "uses" : {
      },
      "StructureDefinition-no-ehr-core-careplan.html" : "no-ehr-core-care-plan"
    },
    {
      "url" : "http://hl7.org/fhir/ValueSet/care-plan-intent",
      "version" : "4.0.1",
      "status" : "draft",
      "name" : "CarePlanIntent",
      "title" : "Care Plan Intent",
      "description" : "Codes indicating the degree of authority/intentionality associated with a care plan.",
      "systems" : ["http://hl7.org/fhir/request-intent"],
      "oids" : ["2.16.840.1.113883.4.642.3.150"],
      "sources" : ["2.16.840.1.113883.4.642.3.150"],
      "uses" : {
      },
      "StructureDefinition-no-ehr-core-careplan.html" : "no-ehr-core-care-plan"
    },
    {
      "url" : "http://hl7.org/fhir/ValueSet/clinical-findings",
      "version" : "4.0.1",
      "status" : "draft",
      "name" : "SNOMEDCTClinicalFindings",
      "title" : "SNOMED CT Clinical Findings",
      "description" : "This value set includes all the \"Clinical finding\" [SNOMED CT](http://snomed.info/sct) codes - concepts where concept is-a 404684003 (Clinical finding (finding)).",
      "systems" : ["http://snomed.info/sct"],
      "oids" : ["2.16.840.1.113883.4.642.3.232"],
      "sources" : ["2.16.840.1.113883.4.642.3.232"],
      "uses" : {
      },
      "StructureDefinition-no-ehr-core-careplan.html" : "no-ehr-core-care-plan"
    },
    {
      "url" : "http://hl7.org/fhir/ValueSet/composition-attestation-mode",
      "version" : "4.0.1",
      "status" : "draft",
      "name" : "CompositionAttestationMode",
      "title" : "CompositionAttestationMode",
      "description" : "The way in which a person authenticated a composition.",
      "systems" : ["http://hl7.org/fhir/composition-attestation-mode"],
      "oids" : ["2.16.840.1.113883.4.642.3.238"],
      "sources" : ["2.16.840.1.113883.4.642.3.238"],
      "uses" : {
      },
      "StructureDefinition-no-ehr-core-composition.html" : "no-ehr-core-composition"
    },
    {
      "url" : "http://hl7.org/fhir/ValueSet/composition-status",
      "version" : "4.0.1",
      "status" : "draft",
      "name" : "CompositionStatus",
      "title" : "CompositionStatus",
      "description" : "The workflow/clinical status of the composition.",
      "systems" : ["http://hl7.org/fhir/composition-status"],
      "oids" : ["2.16.840.1.113883.4.642.3.241"],
      "sources" : ["2.16.840.1.113883.4.642.3.241"],
      "uses" : {
      },
      "StructureDefinition-no-ehr-core-documentreference.html" : "no-ehr-core-document-reference",
      "StructureDefinition-no-ehr-core-composition.html" : "no-ehr-core-composition"
    },
    {
      "url" : "http://hl7.org/fhir/ValueSet/contactentity-type",
      "version" : "4.0.1",
      "status" : "draft",
      "name" : "ContactEntityType",
      "title" : "Contact entity type",
      "description" : "This example value set defines a set of codes that can be used to indicate the purpose for which you would contact a contact party.",
      "systems" : ["http://terminology.hl7.org/CodeSystem/contactentity-type"],
      "oids" : ["2.16.840.1.113883.4.642.3.416"],
      "sources" : ["2.16.840.1.113883.4.642.3.416"],
      "uses" : {
      },
      "StructureDefinition-no-ehr-core-organization.html" : "no-ehr-core-organization"
    },
    {
      "url" : "http://hl7.org/fhir/ValueSet/data-absent-reason",
      "version" : "4.0.1",
      "status" : "active",
      "name" : "DataAbsentReason",
      "title" : "DataAbsentReason",
      "description" : "Used to specify why the normally expected content of the data element is missing.",
      "systems" : ["http://terminology.hl7.org/CodeSystem/data-absent-reason"],
      "oids" : ["2.16.840.1.113883.4.642.3.5"],
      "sources" : ["2.16.840.1.113883.4.642.3.5"],
      "uses" : {
      },
      "StructureDefinition-no-ehr-core-observation.html" : "no-ehr-core-observation"
    },
    {
      "url" : "http://hl7.org/fhir/ValueSet/days-of-week",
      "version" : "4.0.1",
      "status" : "active",
      "name" : "DaysOfWeek",
      "title" : "DaysOfWeek",
      "description" : "The days of the week.",
      "systems" : ["http://hl7.org/fhir/days-of-week"],
      "oids" : ["2.16.840.1.113883.4.642.3.512"],
      "sources" : ["2.16.840.1.113883.4.642.3.512"],
      "uses" : {
      },
      "StructureDefinition-no-ehr-core-location.html" : "no-ehr-core-location"
    },
    {
      "url" : "http://hl7.org/fhir/ValueSet/diagnosis-role",
      "version" : "4.0.1",
      "status" : "draft",
      "name" : "DiagnosisRole",
      "title" : "DiagnosisRole",
      "description" : "This value set defines a set of codes that can be used to express the role of a diagnosis on the Encounter or EpisodeOfCare record.",
      "systems" : ["http://terminology.hl7.org/CodeSystem/diagnosis-role"],
      "oids" : ["2.16.840.1.113883.4.642.3.49"],
      "sources" : ["2.16.840.1.113883.4.642.3.49"],
      "uses" : {
      },
      "StructureDefinition-no-ehr-core-encounter.html" : "no-ehr-core-encounter"
    },
    {
      "url" : "http://hl7.org/fhir/ValueSet/doc-section-codes",
      "version" : "4.0.1",
      "status" : "draft",
      "name" : "DocumentSectionCodes",
      "title" : "Document Section Codes",
      "description" : "Document section codes (LOINC codes used in CCDA sections).",
      "systems" : ["http://loinc.org"],
      "oids" : ["2.16.840.1.113883.4.642.3.237"],
      "sources" : ["2.16.840.1.113883.4.642.3.237"],
      "uses" : {
      },
      "StructureDefinition-no-ehr-core-composition.html" : "no-ehr-core-composition"
    },
    {
      "url" : "http://hl7.org/fhir/ValueSet/document-classcodes",
      "version" : "4.0.1",
      "status" : "active",
      "name" : "DocumentClassValueSet",
      "title" : "Document Class Value Set",
      "description" : "This is the code specifying the high-level kind of document (e.g. Prescription, Discharge Summary, Report, etc.). Note: Class code for documents comes from LOINC, and is based upon one of the following:The type of service described by the document. It is described at a very high level in Section 7.3 of the LOINC Manual. The type study performed. It was determined by identifying modalities for study reports. The section of the chart where the document is placed. It was determined from the SETs created for Claims Attachment requests.",
      "systems" : ["http://loinc.org"],
      "oids" : ["2.16.840.1.113883.3.88.12.80.46"],
      "sources" : ["2.16.840.1.113883.3.88.12.80.46"],
      "uses" : {
      },
      "StructureDefinition-no-ehr-core-documentreference.html" : "no-ehr-core-document-reference",
      "StructureDefinition-no-ehr-core-composition.html" : "no-ehr-core-composition"
    },
    {
      "url" : "http://hl7.org/fhir/ValueSet/document-reference-status",
      "version" : "4.0.1",
      "status" : "draft",
      "name" : "DocumentReferenceStatus",
      "title" : "DocumentReferenceStatus",
      "description" : "The status of the document reference.",
      "systems" : ["http://hl7.org/fhir/document-reference-status"],
      "oids" : ["2.16.840.1.113883.4.642.3.7"],
      "sources" : ["2.16.840.1.113883.4.642.3.7"],
      "uses" : {
      },
      "StructureDefinition-no-ehr-core-documentreference.html" : "no-ehr-core-document-reference"
    },
    {
      "url" : "http://hl7.org/fhir/ValueSet/document-relationship-type",
      "version" : "4.0.1",
      "status" : "draft",
      "name" : "DocumentRelationshipType",
      "title" : "DocumentRelationshipType",
      "description" : "The type of relationship between documents.",
      "systems" : ["http://hl7.org/fhir/document-relationship-type"],
      "oids" : ["2.16.840.1.113883.4.642.3.244"],
      "sources" : ["2.16.840.1.113883.4.642.3.244"],
      "uses" : {
      },
      "StructureDefinition-no-ehr-core-documentreference.html" : "no-ehr-core-document-reference",
      "StructureDefinition-no-ehr-core-composition.html" : "no-ehr-core-composition"
    },
    {
      "url" : "http://hl7.org/fhir/ValueSet/encounter-admit-source",
      "version" : "4.0.1",
      "status" : "draft",
      "name" : "AdmitSource",
      "title" : "Admit source",
      "description" : "This value set defines a set of codes that can be used to indicate from where the patient came in.",
      "systems" : ["http://terminology.hl7.org/CodeSystem/admit-source"],
      "oids" : ["2.16.840.1.113883.4.642.3.257"],
      "sources" : ["2.16.840.1.113883.4.642.3.257"],
      "uses" : {
      },
      "StructureDefinition-no-ehr-core-encounter.html" : "no-ehr-core-encounter"
    },
    {
      "url" : "http://hl7.org/fhir/ValueSet/encounter-diet",
      "version" : "4.0.1",
      "status" : "draft",
      "name" : "Diet",
      "title" : "Diet",
      "description" : "This value set defines a set of codes that can be used to indicate dietary preferences or restrictions a patient may have.",
      "systems" : ["http://terminology.hl7.org/CodeSystem/diet"],
      "oids" : ["2.16.840.1.113883.4.642.3.255"],
      "sources" : ["2.16.840.1.113883.4.642.3.255"],
      "uses" : {
      },
      "StructureDefinition-no-ehr-core-encounter.html" : "no-ehr-core-encounter"
    },
    {
      "url" : "http://hl7.org/fhir/ValueSet/encounter-discharge-disposition",
      "version" : "4.0.1",
      "status" : "draft",
      "name" : "DischargeDisposition",
      "title" : "Discharge disposition",
      "description" : "This value set defines a set of codes that can be used to where the patient left the hospital.",
      "systems" : [
        "http://terminology.hl7.org/CodeSystem/discharge-disposition"
      ],
      "oids" : ["2.16.840.1.113883.4.642.3.259"],
      "sources" : ["2.16.840.1.113883.4.642.3.259"],
      "uses" : {
      },
      "StructureDefinition-no-ehr-core-encounter.html" : "no-ehr-core-encounter"
    },
    {
      "url" : "http://hl7.org/fhir/ValueSet/encounter-location-status",
      "version" : "4.0.1",
      "status" : "draft",
      "name" : "EncounterLocationStatus",
      "title" : "EncounterLocationStatus",
      "description" : "The status of the location.",
      "systems" : ["http://hl7.org/fhir/encounter-location-status"],
      "oids" : ["2.16.840.1.113883.4.642.3.262"],
      "sources" : ["2.16.840.1.113883.4.642.3.262"],
      "uses" : {
      },
      "StructureDefinition-no-ehr-core-encounter.html" : "no-ehr-core-encounter"
    },
    {
      "url" : "http://hl7.org/fhir/ValueSet/encounter-participant-type",
      "version" : "4.0.1",
      "status" : "draft",
      "name" : "ParticipantType",
      "title" : "Participant type",
      "description" : "This value set defines a set of codes that can be used to indicate how an individual participates in an encounter.",
      "systems" : [
        "http://terminology.hl7.org/CodeSystem/participant-type",
        "http://terminology.hl7.org/CodeSystem/v3-ParticipationType"
      ],
      "oids" : ["2.16.840.1.113883.4.642.3.250"],
      "sources" : ["2.16.840.1.113883.4.642.3.250"],
      "uses" : {
      },
      "StructureDefinition-no-ehr-core-encounter.html" : "no-ehr-core-encounter",
      "StructureDefinition-no-ehr-core-appointment.html" : "no-ehr-core-appointment"
    },
    {
      "url" : "http://hl7.org/fhir/ValueSet/encounter-reason",
      "version" : "4.0.1",
      "status" : "draft",
      "name" : "EncounterReasonCodes",
      "title" : "Encounter Reason Codes",
      "description" : "This examples value set defines the set of codes that can be used to indicate reasons for an encounter.",
      "systems" : ["http://snomed.info/sct"],
      "oids" : ["2.16.840.1.113883.4.642.3.261"],
      "sources" : ["2.16.840.1.113883.4.642.3.261"],
      "uses" : {
      },
      "StructureDefinition-no-ehr-core-encounter.html" : "no-ehr-core-encounter",
      "StructureDefinition-no-ehr-core-appointment.html" : "no-ehr-core-appointment"
    },
    {
      "url" : "http://hl7.org/fhir/ValueSet/encounter-special-arrangements",
      "version" : "4.0.1",
      "status" : "draft",
      "name" : "SpecialArrangements",
      "title" : "Special arrangements",
      "description" : "This value set defines a set of codes that can be used to indicate the kinds of special arrangements in place for a patients visit.",
      "systems" : [
        "http://terminology.hl7.org/CodeSystem/encounter-special-arrangements"
      ],
      "oids" : ["2.16.840.1.113883.4.642.3.253"],
      "sources" : ["2.16.840.1.113883.4.642.3.253"],
      "uses" : {
      },
      "StructureDefinition-no-ehr-core-encounter.html" : "no-ehr-core-encounter"
    },
    {
      "url" : "http://hl7.org/fhir/ValueSet/encounter-special-courtesy",
      "version" : "4.0.1",
      "status" : "draft",
      "name" : "SpecialCourtesy",
      "title" : "Special courtesy",
      "description" : "This value set defines a set of codes that can be used to indicate special courtesies provided to the patient.",
      "systems" : [
        "http://terminology.hl7.org/CodeSystem/v3-EncounterSpecialCourtesy",
        "http://terminology.hl7.org/CodeSystem/v3-NullFlavor"
      ],
      "oids" : ["2.16.840.1.113883.4.642.3.252"],
      "sources" : ["2.16.840.1.113883.4.642.3.252"],
      "uses" : {
      },
      "StructureDefinition-no-ehr-core-encounter.html" : "no-ehr-core-encounter"
    },
    {
      "url" : "http://hl7.org/fhir/ValueSet/encounter-status",
      "version" : "4.0.1",
      "status" : "draft",
      "name" : "EncounterStatus",
      "title" : "EncounterStatus",
      "description" : "Current state of the encounter.",
      "systems" : ["http://hl7.org/fhir/encounter-status"],
      "oids" : ["2.16.840.1.113883.4.642.3.246"],
      "sources" : ["2.16.840.1.113883.4.642.3.246"],
      "uses" : {
      },
      "StructureDefinition-no-ehr-core-encounter.html" : "no-ehr-core-encounter"
    },
    {
      "url" : "http://hl7.org/fhir/ValueSet/encounter-type",
      "version" : "4.0.1",
      "status" : "draft",
      "name" : "EncounterType",
      "title" : "Encounter type",
      "description" : "This example value set defines a set of codes that can be used to indicate the type of encounter: a specific code indicating type of service provided.",
      "systems" : ["http://terminology.hl7.org/CodeSystem/encounter-type"],
      "oids" : ["2.16.840.1.113883.4.642.3.248"],
      "sources" : ["2.16.840.1.113883.4.642.3.248"],
      "uses" : {
      },
      "StructureDefinition-no-ehr-core-encounter.html" : "no-ehr-core-encounter"
    },
    {
      "url" : "http://hl7.org/fhir/ValueSet/formatcodes",
      "version" : "4.0.1",
      "status" : "active",
      "name" : "DocumentReferenceFormatCodeSet",
      "title" : "DocumentReference Format Code Set",
      "description" : "The value set is defined to be the set of format codes defined by the IHE Technical Framework, and also including additional format codes defined by the    HL7. The value set is listed in HITSP C80 Table 2-153 Format Code Value Set Definition,    with additions published later by IHE as published    at http://wiki.ihe.net/index.php?title=IHE_Format_Codes   and with additions published later by HL7 as published at https://confluence.hl7.org/display/SD/Format+Codes+for+IHE+XDS.   This is the code specifying the technical format of the document. Along with the typeCode,    it should provide sufficient information to allow any potential document consumer to know    if it will be able to process the document. The code shall be sufficiently specific to    ensure processing/display by identifying a document encoding, structure and template. The actual list of codes here is incomplete",
      "systems" : ["http://ihe.net/fhir/ValueSet/IHE.FormatCode.codesystem"],
      "oids" : ["1.3.6.1.4.1.19376.1.2.7.1"],
      "sources" : ["1.3.6.1.4.1.19376.1.2.7.1"],
      "uses" : {
      },
      "StructureDefinition-no-ehr-core-documentreference.html" : "no-ehr-core-document-reference"
    },
    {
      "url" : "http://hl7.org/fhir/ValueSet/identifier-type",
      "version" : "4.0.1",
      "status" : "active",
      "name" : "Identifier Type Codes",
      "title" : "IdentifierType",
      "description" : "A coded type for an identifier that can be used to determine which identifier to use for a specific purpose.",
      "systems" : ["http://terminology.hl7.org/CodeSystem/v2-0203"],
      "oids" : ["2.16.840.1.113883.4.642.3.45"],
      "sources" : ["2.16.840.1.113883.4.642.3.45"],
      "uses" : {
      },
      "StructureDefinition-no-ehr-core-organization.html" : "no-ehr-core-organization",
      "StructureDefinition-no-ehr-core-practitioner.html" : "no-ehr-core-practitioner",
      "StructureDefinition-no-ehr-core-patient.html" : "no-ehr-core-patient"
    },
    {
      "url" : "http://hl7.org/fhir/ValueSet/identifier-use",
      "version" : "4.0.1",
      "status" : "active",
      "name" : "IdentifierUse",
      "title" : "IdentifierUse",
      "description" : "Identifies the purpose for this identifier, if known .",
      "systems" : ["http://hl7.org/fhir/identifier-use"],
      "oids" : ["2.16.840.1.113883.4.642.3.57"],
      "sources" : ["2.16.840.1.113883.4.642.3.57"],
      "uses" : {
      },
      "StructureDefinition-no-ehr-core-organization.html" : "no-ehr-core-organization",
      "StructureDefinition-no-ehr-core-practitioner.html" : "no-ehr-core-practitioner",
      "StructureDefinition-no-ehr-core-patient.html" : "no-ehr-core-patient"
    },
    {
      "url" : "http://hl7.org/fhir/ValueSet/languages",
      "version" : "4.0.1",
      "status" : "draft",
      "name" : "CommonLanguages",
      "title" : "Common Languages",
      "description" : "This value set includes common codes from BCP-47 (http://tools.ietf.org/html/bcp47)",
      "systems" : ["urn:ietf:bcp:47"],
      "oids" : ["2.16.840.1.113883.4.642.3.20"],
      "sources" : ["2.16.840.1.113883.4.642.3.20"],
      "uses" : {
      },
      "StructureDefinition-no-ehr-core-observation.html" : "no-ehr-core-observation",
      "StructureDefinition-no-ehr-core-organization.html" : "no-ehr-core-organization",
      "StructureDefinition-no-ehr-core-careplan.html" : "no-ehr-core-care-plan",
      "StructureDefinition-no-ehr-core-documentreference.html" : "no-ehr-core-document-reference",
      "StructureDefinition-no-ehr-core-encounter.html" : "no-ehr-core-encounter",
      "StructureDefinition-no-ehr-core-practitioner.html" : "no-ehr-core-practitioner",
      "StructureDefinition-no-ehr-core-location.html" : "no-ehr-core-location",
      "StructureDefinition-no-ehr-core-patient.html" : "no-ehr-core-patient",
      "StructureDefinition-no-ehr-core-appointment.html" : "no-ehr-core-appointment",
      "StructureDefinition-no-ehr-core-composition.html" : "no-ehr-core-composition"
    },
    {
      "url" : "http://hl7.org/fhir/ValueSet/link-type",
      "version" : "4.0.1",
      "status" : "active",
      "name" : "LinkType",
      "title" : "LinkType",
      "description" : "The type of link between this patient resource and another patient resource.",
      "systems" : ["http://hl7.org/fhir/link-type"],
      "oids" : ["2.16.840.1.113883.4.642.3.423"],
      "sources" : ["2.16.840.1.113883.4.642.3.423"],
      "uses" : {
      },
      "StructureDefinition-no-ehr-core-patient.html" : "no-ehr-core-patient"
    },
    {
      "url" : "http://hl7.org/fhir/ValueSet/list-empty-reason",
      "version" : "4.0.1",
      "status" : "draft",
      "name" : "ListEmptyReasons",
      "title" : "List Empty Reasons",
      "description" : "General reasons for a list to be empty. Reasons are either related to a summary list (i.e. problem or medication list) or to a workflow related list (i.e. consultation list).",
      "systems" : ["http://terminology.hl7.org/CodeSystem/list-empty-reason"],
      "oids" : ["2.16.840.1.113883.4.642.3.322"],
      "sources" : ["2.16.840.1.113883.4.642.3.322"],
      "uses" : {
      },
      "StructureDefinition-no-ehr-core-composition.html" : "no-ehr-core-composition"
    },
    {
      "url" : "http://hl7.org/fhir/ValueSet/list-mode",
      "version" : "4.0.1",
      "status" : "draft",
      "name" : "ListMode",
      "title" : "ListMode",
      "description" : "The processing mode that applies to this list.",
      "systems" : ["http://hl7.org/fhir/list-mode"],
      "oids" : ["2.16.840.1.113883.4.642.3.318"],
      "sources" : ["2.16.840.1.113883.4.642.3.318"],
      "uses" : {
      },
      "StructureDefinition-no-ehr-core-composition.html" : "no-ehr-core-composition"
    },
    {
      "url" : "http://hl7.org/fhir/ValueSet/list-order",
      "version" : "4.0.1",
      "status" : "draft",
      "name" : "ListOrderCodes",
      "title" : "List Order Codes",
      "description" : "Base values for the order of the items in a list resource.",
      "systems" : ["http://terminology.hl7.org/CodeSystem/list-order"],
      "oids" : ["2.16.840.1.113883.4.642.3.324"],
      "sources" : ["2.16.840.1.113883.4.642.3.324"],
      "uses" : {
      },
      "StructureDefinition-no-ehr-core-composition.html" : "no-ehr-core-composition"
    },
    {
      "url" : "http://hl7.org/fhir/ValueSet/location-mode",
      "version" : "4.0.1",
      "status" : "draft",
      "name" : "LocationMode",
      "title" : "LocationMode",
      "description" : "Indicates whether a resource instance represents a specific location or a class of locations.",
      "systems" : ["http://hl7.org/fhir/location-mode"],
      "oids" : ["2.16.840.1.113883.4.642.3.330"],
      "sources" : ["2.16.840.1.113883.4.642.3.330"],
      "uses" : {
      },
      "StructureDefinition-no-ehr-core-location.html" : "no-ehr-core-location"
    },
    {
      "url" : "http://hl7.org/fhir/ValueSet/location-physical-type",
      "version" : "4.0.1",
      "status" : "draft",
      "name" : "LocationType",
      "title" : "Location type",
      "description" : "This example value set defines a set of codes that can be used to indicate the physical form of the Location.",
      "systems" : [
        "http://terminology.hl7.org/CodeSystem/location-physical-type"
      ],
      "oids" : ["2.16.840.1.113883.4.642.3.328"],
      "sources" : ["2.16.840.1.113883.4.642.3.328"],
      "uses" : {
      },
      "StructureDefinition-no-ehr-core-encounter.html" : "no-ehr-core-encounter",
      "StructureDefinition-no-ehr-core-location.html" : "no-ehr-core-location"
    },
    {
      "url" : "http://hl7.org/fhir/ValueSet/location-status",
      "version" : "4.0.1",
      "status" : "draft",
      "name" : "LocationStatus",
      "title" : "LocationStatus",
      "description" : "Indicates whether the location is still in use.",
      "systems" : ["http://hl7.org/fhir/location-status"],
      "oids" : ["2.16.840.1.113883.4.642.3.332"],
      "sources" : ["2.16.840.1.113883.4.642.3.332"],
      "uses" : {
      },
      "StructureDefinition-no-ehr-core-location.html" : "no-ehr-core-location"
    },
    {
      "url" : "http://hl7.org/fhir/ValueSet/marital-status",
      "version" : "4.0.1",
      "status" : "active",
      "name" : "Marital Status Codes",
      "title" : "MaritalStatus",
      "description" : "This value set defines the set of codes that can be used to indicate the marital status of a person.",
      "systems" : [
        "http://terminology.hl7.org/CodeSystem/v3-MaritalStatus",
        "http://terminology.hl7.org/CodeSystem/v3-NullFlavor"
      ],
      "oids" : ["2.16.840.1.113883.4.642.3.29"],
      "sources" : ["2.16.840.1.113883.4.642.3.29"],
      "uses" : {
      },
      "StructureDefinition-no-ehr-core-patient.html" : "no-ehr-core-patient"
    },
    {
      "url" : "http://hl7.org/fhir/ValueSet/medication-codes",
      "version" : "4.0.1",
      "status" : "draft",
      "name" : "SNOMEDCTMedicationCodes",
      "title" : "SNOMED CT Medication Codes",
      "description" : "This value set includes all drug or medicament substance codes and all pharmaceutical/biologic products from SNOMED CT - provided as an exemplar value set.",
      "systems" : ["http://snomed.info/sct"],
      "oids" : ["2.16.840.1.113883.4.642.3.375"],
      "sources" : ["2.16.840.1.113883.4.642.3.375"],
      "uses" : {
      },
      "StructureDefinition-no-ehr-core-careplan.html" : "no-ehr-core-care-plan"
    },
    {
      "url" : "http://hl7.org/fhir/ValueSet/observation-category",
      "version" : "4.0.1",
      "status" : "draft",
      "name" : "ObservationCategoryCodes",
      "title" : "Observation Category Codes",
      "description" : "Observation Category codes.",
      "systems" : ["http://terminology.hl7.org/CodeSystem/observation-category"],
      "oids" : ["2.16.840.1.113883.4.642.3.403"],
      "sources" : ["2.16.840.1.113883.4.642.3.403"],
      "uses" : {
      },
      "StructureDefinition-no-ehr-core-observation.html" : "no-ehr-core-observation"
    },
    {
      "url" : "http://hl7.org/fhir/ValueSet/observation-codes",
      "version" : "4.0.1",
      "status" : "draft",
      "name" : "LOINCCodes",
      "title" : "LOINC Codes",
      "description" : "This value set includes all LOINC codes",
      "systems" : ["http://loinc.org"],
      "oids" : ["2.16.840.1.113883.4.642.3.396"],
      "sources" : ["2.16.840.1.113883.4.642.3.396"],
      "uses" : {
      },
      "StructureDefinition-no-ehr-core-observation.html" : "no-ehr-core-observation"
    },
    {
      "url" : "http://hl7.org/fhir/ValueSet/observation-interpretation",
      "version" : "4.0.1",
      "status" : "active",
      "name" : "ObservationInterpretationCodes",
      "title" : "Observation Interpretation Codes",
      "description" : "A categorical assessment, providing a rough qualitative interpretation of the observation value,    such as “normal”/ “abnormal”,”low” / “high”, “better” / “worse”, “susceptible” / “resistant”, “expected”/ “not expected”.    The value set is intended to be for ANY use where coded representation of an interpretation is needed.   \r\n   \r\n   Notes:\r\n   \r\n   This is being communicated in v2.x in OBX-8 (Observation Interpretation), in v3 in ObservationInterpretation (CWE) in R1 (Representative Realm) and in FHIR in    Observation.interpretation. Historically these values come from the laboratory domain, and these codes are extensively    used. The value set binding is extensible, so codes outside the value set that are needed for interpretation concepts    (i.e. particular meanings) that are not included in the value set can be used, and these new codes may also be added to    the value set and published in a future version.",
      "systems" : [
        "http://terminology.hl7.org/CodeSystem/v3-ObservationInterpretation"
      ],
      "oids" : ["2.16.840.1.113883.4.642.3.399"],
      "sources" : ["2.16.840.1.113883.4.642.3.399"],
      "uses" : {
      },
      "StructureDefinition-no-ehr-core-observation.html" : "no-ehr-core-observation"
    },
    {
      "url" : "http://hl7.org/fhir/ValueSet/observation-methods",
      "version" : "4.0.1",
      "status" : "draft",
      "name" : "ObservationMethods",
      "title" : "Observation Methods",
      "description" : "Observation Method codes from [SNOMED CT](http://snomed.info/sct) where concept is-a 272394005 (Technique (qualifier value)) or is-a 129264002 (Action (qualifier value)) or is-a 386053000 (Evaluation procedure(procedure))",
      "systems" : ["http://snomed.info/sct"],
      "oids" : ["2.16.840.1.113883.4.642.3.395"],
      "sources" : ["2.16.840.1.113883.4.642.3.395"],
      "uses" : {
      },
      "StructureDefinition-no-ehr-core-observation.html" : "no-ehr-core-observation"
    },
    {
      "url" : "http://hl7.org/fhir/ValueSet/observation-status",
      "version" : "4.0.1",
      "status" : "active",
      "name" : "ObservationStatus",
      "title" : "ObservationStatus",
      "description" : "Codes providing the status of an observation.",
      "systems" : ["http://hl7.org/fhir/observation-status"],
      "oids" : ["2.16.840.1.113883.4.642.3.400"],
      "sources" : ["2.16.840.1.113883.4.642.3.400"],
      "uses" : {
      },
      "StructureDefinition-no-ehr-core-observation.html" : "no-ehr-core-observation"
    },
    {
      "url" : "http://hl7.org/fhir/ValueSet/organization-type",
      "version" : "4.0.1",
      "status" : "draft",
      "name" : "OrganizationType",
      "title" : "Organization type",
      "description" : "This example value set defines a set of codes that can be used to indicate a type of organization.",
      "systems" : ["http://terminology.hl7.org/CodeSystem/organization-type"],
      "oids" : ["2.16.840.1.113883.4.642.3.414"],
      "sources" : ["2.16.840.1.113883.4.642.3.414"],
      "uses" : {
      },
      "StructureDefinition-no-ehr-core-organization.html" : "no-ehr-core-organization"
    },
    {
      "url" : "http://hl7.org/fhir/ValueSet/participantrequired",
      "version" : "4.0.1",
      "status" : "draft",
      "name" : "ParticipantRequired",
      "title" : "ParticipantRequired",
      "description" : "Is the Participant required to attend the appointment.",
      "systems" : ["http://hl7.org/fhir/participantrequired"],
      "oids" : ["2.16.840.1.113883.4.642.3.488"],
      "sources" : ["2.16.840.1.113883.4.642.3.488"],
      "uses" : {
      },
      "StructureDefinition-no-ehr-core-appointment.html" : "no-ehr-core-appointment"
    },
    {
      "url" : "http://hl7.org/fhir/ValueSet/participationstatus",
      "version" : "4.0.1",
      "status" : "draft",
      "name" : "ParticipationStatus",
      "title" : "ParticipationStatus",
      "description" : "The Participation status of an appointment.",
      "systems" : ["http://hl7.org/fhir/participationstatus"],
      "oids" : ["2.16.840.1.113883.4.642.3.486"],
      "sources" : ["2.16.840.1.113883.4.642.3.486"],
      "uses" : {
      },
      "StructureDefinition-no-ehr-core-appointment.html" : "no-ehr-core-appointment"
    },
    {
      "url" : "http://hl7.org/fhir/ValueSet/patient-contactrelationship",
      "version" : "4.0.1",
      "status" : "active",
      "name" : "PatientContactRelationship",
      "title" : "Patient Contact Relationship ",
      "description" : "The nature of the relationship between the patient and the contact person.",
      "systems" : ["http://terminology.hl7.org/CodeSystem/v2-0131"],
      "oids" : ["2.16.840.1.113883.4.642.3.1130"],
      "sources" : ["2.16.840.1.113883.4.642.3.1130"],
      "uses" : {
      },
      "StructureDefinition-no-ehr-core-patient.html" : "no-ehr-core-patient"
    },
    {
      "url" : "http://hl7.org/fhir/ValueSet/procedure-code",
      "version" : "4.0.1",
      "status" : "draft",
      "name" : "ProcedureCodes(SNOMEDCT)",
      "title" : "Procedure Codes (SNOMED CT)",
      "description" : "Procedure Code: All SNOMED CT procedure codes.",
      "systems" : ["http://snomed.info/sct"],
      "oids" : ["2.16.840.1.113883.4.642.3.427"],
      "sources" : ["2.16.840.1.113883.4.642.3.427"],
      "uses" : {
      },
      "StructureDefinition-no-ehr-core-careplan.html" : "no-ehr-core-care-plan"
    },
    {
      "url" : "http://hl7.org/fhir/ValueSet/referencerange-appliesto",
      "version" : "4.0.1",
      "status" : "draft",
      "name" : "ObservationReferenceRangeAppliesToCodes",
      "title" : "Observation Reference Range Applies To Codes",
      "description" : "This value set defines a set of codes that can be used to indicate the particular target population the reference range applies to.",
      "systems" : [
        "http://terminology.hl7.org/CodeSystem/v3-Race",
        "http://snomed.info/sct"
      ],
      "oids" : ["2.16.840.1.113883.4.642.3.407"],
      "sources" : ["2.16.840.1.113883.4.642.3.407"],
      "uses" : {
      },
      "StructureDefinition-no-ehr-core-observation.html" : "no-ehr-core-observation"
    },
    {
      "url" : "http://hl7.org/fhir/ValueSet/referencerange-meaning",
      "version" : "4.0.1",
      "status" : "draft",
      "name" : "ObservationReferenceRangeMeaningCodes",
      "title" : "Observation Reference Range Meaning Codes",
      "description" : "This value set defines a set of codes that can be used to indicate the meaning/use of a reference range for a particular target population.",
      "systems" : [
        "http://terminology.hl7.org/CodeSystem/referencerange-meaning"
      ],
      "oids" : ["2.16.840.1.113883.4.642.3.397"],
      "sources" : ["2.16.840.1.113883.4.642.3.397"],
      "uses" : {
      },
      "StructureDefinition-no-ehr-core-observation.html" : "no-ehr-core-observation"
    },
    {
      "url" : "http://hl7.org/fhir/ValueSet/request-status",
      "version" : "4.0.1",
      "status" : "draft",
      "name" : "RequestStatus",
      "title" : "RequestStatus",
      "description" : "Codes identifying the lifecycle stage of a request.",
      "systems" : ["http://hl7.org/fhir/request-status"],
      "oids" : ["2.16.840.1.113883.4.642.3.111"],
      "sources" : ["2.16.840.1.113883.4.642.3.111"],
      "uses" : {
      },
      "StructureDefinition-no-ehr-core-careplan.html" : "no-ehr-core-care-plan"
    },
    {
      "url" : "http://hl7.org/fhir/ValueSet/security-labels",
      "version" : "4.0.1",
      "status" : "active",
      "name" : "All Security Labels",
      "title" : "SecurityLabels",
      "description" : "A single value set for all security labels defined by FHIR.",
      "systems" : [
        "http://terminology.hl7.org/CodeSystem/v3-ActReason",
        "http://terminology.hl7.org/CodeSystem/v3-ActUSPrivacyLaw",
        "http://terminology.hl7.org/CodeSystem/v3-ObservationValue",
        "http://terminology.hl7.org/CodeSystem/v3-ActCode",
        "http://terminology.hl7.org/CodeSystem/v3-Confidentiality"
      ],
      "oids" : ["2.16.840.1.113883.4.642.3.47"],
      "sources" : ["2.16.840.1.113883.4.642.3.47"],
      "uses" : {
      },
      "StructureDefinition-no-ehr-core-documentreference.html" : "no-ehr-core-document-reference"
    },
    {
      "url" : "http://hl7.org/fhir/ValueSet/service-category",
      "version" : "4.0.1",
      "status" : "draft",
      "name" : "ServiceCategory",
      "title" : "Service category",
      "description" : "This value set defines an example set of codes that can be used to classify groupings of service-types/specialties.",
      "systems" : ["http://terminology.hl7.org/CodeSystem/service-category"],
      "oids" : ["2.16.840.1.113883.4.642.3.516"],
      "sources" : ["2.16.840.1.113883.4.642.3.516"],
      "uses" : {
      },
      "StructureDefinition-no-ehr-core-appointment.html" : "no-ehr-core-appointment"
    },
    {
      "url" : "http://hl7.org/fhir/ValueSet/service-type",
      "version" : "4.0.1",
      "status" : "draft",
      "name" : "ServiceType",
      "title" : "Service type",
      "description" : "This value set defines an example set of codes of service-types.",
      "systems" : ["http://terminology.hl7.org/CodeSystem/service-type"],
      "oids" : ["2.16.840.1.113883.4.642.3.518"],
      "sources" : ["2.16.840.1.113883.4.642.3.518"],
      "uses" : {
      },
      "StructureDefinition-no-ehr-core-encounter.html" : "no-ehr-core-encounter",
      "StructureDefinition-no-ehr-core-appointment.html" : "no-ehr-core-appointment"
    },
    {
      "url" : "http://terminology.hl7.org/ValueSet/v2-0092",
      "version" : "2.0.0",
      "status" : "active",
      "name" : "Hl7VSReAdmissionIndicator",
      "title" : "hl7VS-re-admissionIndicator",
      "description" : "Value Set of codes which are used to specify that a patient is being re-admitted to a healthcare facility from which they were discharged, and indicates the circumstances around such re-admission.",
      "systems" : ["http://terminology.hl7.org/CodeSystem/v2-0092"],
      "oids" : ["2.16.840.1.113883.21.40"],
      "sources" : ["2.16.840.1.113883.21.40"],
      "uses" : {
      },
      "StructureDefinition-no-ehr-core-encounter.html" : "no-ehr-core-encounter"
    },
    {
      "url" : "http://terminology.hl7.org/ValueSet/v2-0116",
      "version" : "2.0.0",
      "status" : "active",
      "name" : "Hl7VSBedStatus",
      "title" : "hl7VS-bedStatus",
      "description" : "Value Set of codes that specify the state of a bed in an inpatient setting, and is used to determine if a patient may be assigned to it or not.",
      "systems" : ["http://terminology.hl7.org/CodeSystem/v2-0116"],
      "oids" : ["2.16.840.1.113883.21.51"],
      "sources" : ["2.16.840.1.113883.21.51"],
      "uses" : {
      },
      "StructureDefinition-no-ehr-core-location.html" : "no-ehr-core-location"
    },
    {
      "url" : "http://terminology.hl7.org/ValueSet/v2-0276",
      "version" : "2.0.0",
      "status" : "active",
      "name" : "Hl7VSAppointmentReasonCodes",
      "title" : "hl7VS-appointmentReasonCodes",
      "description" : "Value Set of codes that describe the kind of appointment or the reason why an appointment has been scheduled.",
      "systems" : ["http://terminology.hl7.org/CodeSystem/v2-0276"],
      "oids" : ["2.16.840.1.113883.21.181"],
      "sources" : ["2.16.840.1.113883.21.181"],
      "uses" : {
      },
      "StructureDefinition-no-ehr-core-appointment.html" : "no-ehr-core-appointment"
    },
    {
      "url" : "http://terminology.hl7.org/ValueSet/v2-2.7-0360",
      "version" : "0360",
      "status" : "active",
      "name" : "v2.0360.2.7",
      "title" : "v2 table 0360, Version 2.7",
      "description" : "FHIR Value set/code system definition for HL7 v2 table 0360 ver 2.9 ( Degree/License/Certificate)",
      "systems" : ["http://terminology.hl7.org/CodeSystem/v2-0360|2.7"],
      "uses" : {
      },
      "StructureDefinition-no-ehr-core-practitioner.html" : "no-ehr-core-practitioner"
    },
    {
      "url" : "http://terminology.hl7.org/ValueSet/v3-ActCode",
      "version" : "3.0.0",
      "status" : "active",
      "name" : "ActCode",
      "title" : "v3 Code System ActCode",
      "description" : "A code specifying the particular kind of Act that the Act-instance represents within its class.  Constraints:\r\nThe kind of Act (e.g. physical examination, serum potassium, inpatient encounter, charge financial transaction, etc.) is specified with a code from one of several, typically external, coding systems.  The coding system will depend on the class of Act, such as LOINC for observations, etc. Conceptually, the Act.code must be a specialization of the Act.classCode. This is why the structure of ActClass domain should be reflected in the superstructure of the ActCode domain and then individual codes or externally referenced vocabularies subordinated under these domains that reflect the ActClass structure. Act.classCode and Act.code are not modifiers of each other but the Act.code concept should really imply the Act.classCode concept. For a negative example, it is not appropriate to use an Act.code \"potassium\" together with and Act.classCode for \"laboratory observation\" to somehow mean \"potassium laboratory observation\" and then use the same Act.code for \"potassium\" together with Act.classCode for \"medication\" to mean \"substitution of potassium\". This mutually modifying use of Act.code and Act.classCode is not permitted.",
      "systems" : ["http://terminology.hl7.org/CodeSystem/v3-ActCode"],
      "uses" : {
      },
      "StructureDefinition-no-ehr-core-documentreference.html" : "no-ehr-core-document-reference",
      "StructureDefinition-no-ehr-core-composition.html" : "no-ehr-core-composition"
    },
    {
      "url" : "http://terminology.hl7.org/ValueSet/v3-ActEncounterCode",
      "version" : "3.0.0",
      "status" : "active",
      "name" : "ActEncounterCode",
      "title" : "ActEncounterCode",
      "description" : "Domain provides codes that qualify the ActEncounterClass (ENC)",
      "systems" : ["http://terminology.hl7.org/CodeSystem/v3-ActCode"],
      "oids" : ["2.16.840.1.113883.1.11.13955"],
      "sources" : ["2.16.840.1.113883.1.11.13955"],
      "uses" : {
      },
      "StructureDefinition-no-ehr-core-encounter.html" : "no-ehr-core-encounter"
    },
    {
      "url" : "http://terminology.hl7.org/ValueSet/v3-ActPriority",
      "version" : "3.0.0",
      "status" : "active",
      "name" : "ActPriority",
      "title" : "ActPriority",
      "description" : "A code or set of codes (e.g., for routine, emergency,) specifying the urgency under which the Act happened, can happen, is happening, is intended to happen, or is requested/demanded to happen.\r\n\r\n*Discussion:* This attribute is used in orders to indicate the ordered priority, and in event documentation it indicates the actual priority used to perform the act. In definition mood it indicates the available priorities.",
      "systems" : ["http://terminology.hl7.org/CodeSystem/v3-ActPriority"],
      "oids" : ["2.16.840.1.113883.1.11.16866"],
      "sources" : ["2.16.840.1.113883.1.11.16866"],
      "uses" : {
      },
      "StructureDefinition-no-ehr-core-encounter.html" : "no-ehr-core-encounter"
    },
    {
      "url" : "http://terminology.hl7.org/ValueSet/v3-ConfidentialityClassification",
      "version" : "2014-03-26",
      "status" : "active",
      "name" : "v3.ConfidentialityClassification",
      "title" : "V3 Value SetConfidentialityClassification",
      "description" : " Set of codes used to value Act.Confidentiality and Role.Confidentiality attribute in accordance with the definition for concept domain \"Confidentiality\".",
      "systems" : ["http://terminology.hl7.org/CodeSystem/v3-Confidentiality"],
      "oids" : ["2.16.840.1.113883.1.11.10228"],
      "sources" : ["2.16.840.1.113883.1.11.10228"],
      "uses" : {
      },
      "StructureDefinition-no-ehr-core-composition.html" : "no-ehr-core-composition"
    },
    {
      "url" : "http://terminology.hl7.org/ValueSet/v3-ServiceDeliveryLocationRoleType",
      "version" : "3.0.0",
      "status" : "active",
      "name" : "ServiceDeliveryLocationRoleType",
      "title" : "ServiceDeliveryLocationRoleType",
      "description" : "A role of a place that further classifies the setting (e.g., accident site, road side, work site, community location) in which services are delivered.",
      "systems" : ["http://terminology.hl7.org/CodeSystem/v3-RoleCode"],
      "oids" : ["2.16.840.1.113883.1.11.17660"],
      "sources" : ["2.16.840.1.113883.1.11.17660"],
      "uses" : {
      },
      "StructureDefinition-no-ehr-core-location.html" : "no-ehr-core-location"
    }
  ]
}
