<?xml version="1.0" encoding="UTF-8"?><ImplementationGuide xmlns="http://hl7.org/fhir"><id value="hl7.fhir.no.domain.ehr.core"/><text><status value="generated"/><div xmlns="http://www.w3.org/1999/xhtml"><p class="res-header-id"><b>Generated Narrative: ImplementationGuide hl7.fhir.no.domain.ehr.core</b></p><a name="hl7.fhir.no.domain.ehr.core"> </a><a name="hchl7.fhir.no.domain.ehr.core"> </a><a name="hl7.fhir.no.domain.ehr.core-en-US"> </a><h2>NoDomainEHRCore</h2><p>The official URL for this implementation guide is: </p><pre>https://github.com/oslokommune/Pasientjournal-API/ImplementationGuide/hl7.fhir.no.domain.ehr.core</pre><div><p>Implementation Guide for core API to interact with EHR systems in Norwegian primary healthcare services</p>
</div></div></text><url value="https://github.com/oslokommune/Pasientjournal-API/ImplementationGuide/hl7.fhir.no.domain.ehr.core"/><version value="0.1.0"/><name value="NoDomainEHRCore"/><title value="NO Domain Core EHR API"/><status value="draft"/><date value="2024-12-06T17:06:03+00:00"/><publisher value="Oslo Origo - Oslo kommune"/><contact><name value="Oslo Origo - Oslo kommune"/><telecom><system value="url"/><value value="https://labs.oslo.kommune.no/"/></telecom></contact><description value="Implementation Guide for core API to interact with EHR systems in Norwegian primary healthcare services"/><packageId value="hl7.fhir.no.domain.ehr.core"/><license value="CC0-1.0"/><fhirVersion value="4.0.1"/><dependsOn id="hl7tx"><extension url="http://hl7.org/fhir/tools/StructureDefinition/implementationguide-dependency-comment"><valueMarkdown value="Automatically added as a dependency - all IGs depend on HL7 Terminology"/></extension><uri value="http://terminology.hl7.org/ImplementationGuide/hl7.terminology"/><packageId value="hl7.terminology.r4"/><version value="6.1.0"/></dependsOn><dependsOn id="hl7ext"><extension url="http://hl7.org/fhir/tools/StructureDefinition/implementationguide-dependency-comment"><valueMarkdown value="Automatically added as a dependency - all IGs depend on the HL7 Extension Pack"/></extension><uri value="http://hl7.org/fhir/extensions/ImplementationGuide/hl7.fhir.uv.extensions"/><packageId value="hl7.fhir.uv.extensions.r4"/><version value="5.1.0"/></dependsOn><dependsOn id="nobasis"><uri value="http://fhir.org/packages/hl7.fhir.no.basis/ImplementationGuide/hl7.fhir.no.basis"/><packageId value="hl7.fhir.no.basis"/><version value="2.2.0"/></dependsOn><definition><extension url="http://hl7.org/fhir/tools/StructureDefinition/ig-parameter"><extension url="code"><valueString value="copyrightyear"/></extension><extension url="value"><valueString value="2024+"/></extension></extension><extension url="http://hl7.org/fhir/tools/StructureDefinition/ig-parameter"><extension url="code"><valueString value="releaselabel"/></extension><extension url="value"><valueString value="ci-build"/></extension></extension><extension url="http://hl7.org/fhir/tools/StructureDefinition/ig-parameter"><extension url="code"><valueString value="autoload-resources"/></extension><extension url="value"><valueString value="true"/></extension></extension><extension url="http://hl7.org/fhir/tools/StructureDefinition/ig-parameter"><extension url="code"><valueString value="path-liquid"/></extension><extension url="value"><valueString value="template/liquid"/></extension></extension><extension url="http://hl7.org/fhir/tools/StructureDefinition/ig-parameter"><extension url="code"><valueString value="path-liquid"/></extension><extension url="value"><valueString value="input/liquid"/></extension></extension><extension url="http://hl7.org/fhir/tools/StructureDefinition/ig-parameter"><extension url="code"><valueString value="path-qa"/></extension><extension url="value"><valueString value="temp/qa"/></extension></extension><extension url="http://hl7.org/fhir/tools/StructureDefinition/ig-parameter"><extension url="code"><valueString value="path-temp"/></extension><extension url="value"><valueString value="temp/pages"/></extension></extension><extension url="http://hl7.org/fhir/tools/StructureDefinition/ig-parameter"><extension url="code"><valueString value="path-output"/></extension><extension url="value"><valueString value="output"/></extension></extension><extension url="http://hl7.org/fhir/tools/StructureDefinition/ig-parameter"><extension url="code"><valueString value="path-suppressed-warnings"/></extension><extension url="value"><valueString value="input/ignoreWarnings.txt"/></extension></extension><extension url="http://hl7.org/fhir/tools/StructureDefinition/ig-parameter"><extension url="code"><valueString value="path-history"/></extension><extension url="value"><valueString value="https://github.com/oslokommune/Pasientjournal-API/history.html"/></extension></extension><extension url="http://hl7.org/fhir/tools/StructureDefinition/ig-parameter"><extension url="code"><valueString value="template-html"/></extension><extension url="value"><valueString value="template-page.html"/></extension></extension><extension url="http://hl7.org/fhir/tools/StructureDefinition/ig-parameter"><extension url="code"><valueString value="template-md"/></extension><extension url="value"><valueString value="template-page-md.html"/></extension></extension><extension url="http://hl7.org/fhir/tools/StructureDefinition/ig-parameter"><extension url="code"><valueString value="apply-contact"/></extension><extension url="value"><valueString value="true"/></extension></extension><extension url="http://hl7.org/fhir/tools/StructureDefinition/ig-parameter"><extension url="code"><valueString value="apply-context"/></extension><extension url="value"><valueString value="true"/></extension></extension><extension url="http://hl7.org/fhir/tools/StructureDefinition/ig-parameter"><extension url="code"><valueString value="apply-copyright"/></extension><extension url="value"><valueString value="true"/></extension></extension><extension url="http://hl7.org/fhir/tools/StructureDefinition/ig-parameter"><extension url="code"><valueString value="apply-jurisdiction"/></extension><extension url="value"><valueString value="true"/></extension></extension><extension url="http://hl7.org/fhir/tools/StructureDefinition/ig-parameter"><extension url="code"><valueString value="apply-license"/></extension><extension url="value"><valueString value="true"/></extension></extension><extension url="http://hl7.org/fhir/tools/StructureDefinition/ig-parameter"><extension url="code"><valueString value="apply-publisher"/></extension><extension url="value"><valueString value="true"/></extension></extension><extension url="http://hl7.org/fhir/tools/StructureDefinition/ig-parameter"><extension url="code"><valueString value="apply-version"/></extension><extension url="value"><valueString value="true"/></extension></extension><extension url="http://hl7.org/fhir/tools/StructureDefinition/ig-parameter"><extension url="code"><valueString value="apply-wg"/></extension><extension url="value"><valueString value="true"/></extension></extension><extension url="http://hl7.org/fhir/tools/StructureDefinition/ig-parameter"><extension url="code"><valueString value="active-tables"/></extension><extension url="value"><valueString value="true"/></extension></extension><extension url="http://hl7.org/fhir/tools/StructureDefinition/ig-parameter"><extension url="code"><valueString value="fmm-definition"/></extension><extension url="value"><valueString value="http://hl7.org/fhir/versions.html#maturity"/></extension></extension><extension url="http://hl7.org/fhir/tools/StructureDefinition/ig-parameter"><extension url="code"><valueString value="propagate-status"/></extension><extension url="value"><valueString value="true"/></extension></extension><extension url="http://hl7.org/fhir/tools/StructureDefinition/ig-parameter"><extension url="code"><valueString value="excludelogbinaryformat"/></extension><extension url="value"><valueString value="true"/></extension></extension><extension url="http://hl7.org/fhir/tools/StructureDefinition/ig-parameter"><extension url="code"><valueString value="tabbed-snapshots"/></extension><extension url="value"><valueString value="true"/></extension></extension><extension url="http://hl7.org/fhir/tools/StructureDefinition/ig-internal-dependency"><valueCode value="hl7.fhir.uv.tools.r4#0.3.0"/></extension><extension url="http://hl7.org/fhir/tools/StructureDefinition/ig-parameter"><extension url="code"><valueCode value="copyrightyear"/></extension><extension url="value"><valueString value="2024+"/></extension></extension><extension url="http://hl7.org/fhir/tools/StructureDefinition/ig-parameter"><extension url="code"><valueCode value="releaselabel"/></extension><extension url="value"><valueString value="ci-build"/></extension></extension><extension url="http://hl7.org/fhir/tools/StructureDefinition/ig-parameter"><extension url="code"><valueCode value="autoload-resources"/></extension><extension url="value"><valueString value="true"/></extension></extension><extension url="http://hl7.org/fhir/tools/StructureDefinition/ig-parameter"><extension url="code"><valueCode value="path-liquid"/></extension><extension url="value"><valueString value="template/liquid"/></extension></extension><extension url="http://hl7.org/fhir/tools/StructureDefinition/ig-parameter"><extension url="code"><valueCode value="path-liquid"/></extension><extension url="value"><valueString value="input/liquid"/></extension></extension><extension url="http://hl7.org/fhir/tools/StructureDefinition/ig-parameter"><extension url="code"><valueCode value="path-qa"/></extension><extension url="value"><valueString value="temp/qa"/></extension></extension><extension url="http://hl7.org/fhir/tools/StructureDefinition/ig-parameter"><extension url="code"><valueCode value="path-temp"/></extension><extension url="value"><valueString value="temp/pages"/></extension></extension><extension url="http://hl7.org/fhir/tools/StructureDefinition/ig-parameter"><extension url="code"><valueCode value="path-output"/></extension><extension url="value"><valueString value="output"/></extension></extension><extension url="http://hl7.org/fhir/tools/StructureDefinition/ig-parameter"><extension url="code"><valueCode value="path-suppressed-warnings"/></extension><extension url="value"><valueString value="input/ignoreWarnings.txt"/></extension></extension><extension url="http://hl7.org/fhir/tools/StructureDefinition/ig-parameter"><extension url="code"><valueCode value="path-history"/></extension><extension url="value"><valueString value="https://github.com/oslokommune/Pasientjournal-API/history.html"/></extension></extension><extension url="http://hl7.org/fhir/tools/StructureDefinition/ig-parameter"><extension url="code"><valueCode value="template-html"/></extension><extension url="value"><valueString value="template-page.html"/></extension></extension><extension url="http://hl7.org/fhir/tools/StructureDefinition/ig-parameter"><extension url="code"><valueCode value="template-md"/></extension><extension url="value"><valueString value="template-page-md.html"/></extension></extension><extension url="http://hl7.org/fhir/tools/StructureDefinition/ig-parameter"><extension url="code"><valueCode value="apply-contact"/></extension><extension url="value"><valueString value="true"/></extension></extension><extension url="http://hl7.org/fhir/tools/StructureDefinition/ig-parameter"><extension url="code"><valueCode value="apply-context"/></extension><extension url="value"><valueString value="true"/></extension></extension><extension url="http://hl7.org/fhir/tools/StructureDefinition/ig-parameter"><extension url="code"><valueCode value="apply-copyright"/></extension><extension url="value"><valueString value="true"/></extension></extension><extension url="http://hl7.org/fhir/tools/StructureDefinition/ig-parameter"><extension url="code"><valueCode value="apply-jurisdiction"/></extension><extension url="value"><valueString value="true"/></extension></extension><extension url="http://hl7.org/fhir/tools/StructureDefinition/ig-parameter"><extension url="code"><valueCode value="apply-license"/></extension><extension url="value"><valueString value="true"/></extension></extension><extension url="http://hl7.org/fhir/tools/StructureDefinition/ig-parameter"><extension url="code"><valueCode value="apply-publisher"/></extension><extension url="value"><valueString value="true"/></extension></extension><extension url="http://hl7.org/fhir/tools/StructureDefinition/ig-parameter"><extension url="code"><valueCode value="apply-version"/></extension><extension url="value"><valueString value="true"/></extension></extension><extension url="http://hl7.org/fhir/tools/StructureDefinition/ig-parameter"><extension url="code"><valueCode value="apply-wg"/></extension><extension url="value"><valueString value="true"/></extension></extension><extension url="http://hl7.org/fhir/tools/StructureDefinition/ig-parameter"><extension url="code"><valueCode value="active-tables"/></extension><extension url="value"><valueString value="true"/></extension></extension><extension url="http://hl7.org/fhir/tools/StructureDefinition/ig-parameter"><extension url="code"><valueCode value="fmm-definition"/></extension><extension url="value"><valueString value="http://hl7.org/fhir/versions.html#maturity"/></extension></extension><extension url="http://hl7.org/fhir/tools/StructureDefinition/ig-parameter"><extension url="code"><valueCode value="propagate-status"/></extension><extension url="value"><valueString value="true"/></extension></extension><extension url="http://hl7.org/fhir/tools/StructureDefinition/ig-parameter"><extension url="code"><valueCode value="excludelogbinaryformat"/></extension><extension url="value"><valueString value="true"/></extension></extension><extension url="http://hl7.org/fhir/tools/StructureDefinition/ig-parameter"><extension url="code"><valueCode value="tabbed-snapshots"/></extension><extension url="value"><valueString value="true"/></extension></extension><extension url="http://hl7.org/fhir/tools/StructureDefinition/ig-parameter"><extension url="code"><valueCode value="copyrightyear"/></extension><extension url="value"><valueString value="2024+"/></extension></extension><extension url="http://hl7.org/fhir/tools/StructureDefinition/ig-parameter"><extension url="code"><valueCode value="releaselabel"/></extension><extension url="value"><valueString value="ci-build"/></extension></extension><extension url="http://hl7.org/fhir/tools/StructureDefinition/ig-parameter"><extension url="code"><valueCode value="autoload-resources"/></extension><extension url="value"><valueString value="true"/></extension></extension><extension url="http://hl7.org/fhir/tools/StructureDefinition/ig-parameter"><extension url="code"><valueCode value="path-liquid"/></extension><extension url="value"><valueString value="template/liquid"/></extension></extension><extension url="http://hl7.org/fhir/tools/StructureDefinition/ig-parameter"><extension url="code"><valueCode value="path-liquid"/></extension><extension url="value"><valueString value="input/liquid"/></extension></extension><extension url="http://hl7.org/fhir/tools/StructureDefinition/ig-parameter"><extension url="code"><valueCode value="path-qa"/></extension><extension url="value"><valueString value="temp/qa"/></extension></extension><extension url="http://hl7.org/fhir/tools/StructureDefinition/ig-parameter"><extension url="code"><valueCode value="path-temp"/></extension><extension url="value"><valueString value="temp/pages"/></extension></extension><extension url="http://hl7.org/fhir/tools/StructureDefinition/ig-parameter"><extension url="code"><valueCode value="path-output"/></extension><extension url="value"><valueString value="output"/></extension></extension><extension url="http://hl7.org/fhir/tools/StructureDefinition/ig-parameter"><extension url="code"><valueCode value="path-suppressed-warnings"/></extension><extension url="value"><valueString value="input/ignoreWarnings.txt"/></extension></extension><extension url="http://hl7.org/fhir/tools/StructureDefinition/ig-parameter"><extension url="code"><valueCode value="path-history"/></extension><extension url="value"><valueString value="https://github.com/oslokommune/Pasientjournal-API/history.html"/></extension></extension><extension url="http://hl7.org/fhir/tools/StructureDefinition/ig-parameter"><extension url="code"><valueCode value="template-html"/></extension><extension url="value"><valueString value="template-page.html"/></extension></extension><extension url="http://hl7.org/fhir/tools/StructureDefinition/ig-parameter"><extension url="code"><valueCode value="template-md"/></extension><extension url="value"><valueString value="template-page-md.html"/></extension></extension><extension url="http://hl7.org/fhir/tools/StructureDefinition/ig-parameter"><extension url="code"><valueCode value="apply-contact"/></extension><extension url="value"><valueString value="true"/></extension></extension><extension url="http://hl7.org/fhir/tools/StructureDefinition/ig-parameter"><extension url="code"><valueCode value="apply-context"/></extension><extension url="value"><valueString value="true"/></extension></extension><extension url="http://hl7.org/fhir/tools/StructureDefinition/ig-parameter"><extension url="code"><valueCode value="apply-copyright"/></extension><extension url="value"><valueString value="true"/></extension></extension><extension url="http://hl7.org/fhir/tools/StructureDefinition/ig-parameter"><extension url="code"><valueCode value="apply-jurisdiction"/></extension><extension url="value"><valueString value="true"/></extension></extension><extension url="http://hl7.org/fhir/tools/StructureDefinition/ig-parameter"><extension url="code"><valueCode value="apply-license"/></extension><extension url="value"><valueString value="true"/></extension></extension><extension url="http://hl7.org/fhir/tools/StructureDefinition/ig-parameter"><extension url="code"><valueCode value="apply-publisher"/></extension><extension url="value"><valueString value="true"/></extension></extension><extension url="http://hl7.org/fhir/tools/StructureDefinition/ig-parameter"><extension url="code"><valueCode value="apply-version"/></extension><extension url="value"><valueString value="true"/></extension></extension><extension url="http://hl7.org/fhir/tools/StructureDefinition/ig-parameter"><extension url="code"><valueCode value="apply-wg"/></extension><extension url="value"><valueString value="true"/></extension></extension><extension url="http://hl7.org/fhir/tools/StructureDefinition/ig-parameter"><extension url="code"><valueCode value="active-tables"/></extension><extension url="value"><valueString value="true"/></extension></extension><extension url="http://hl7.org/fhir/tools/StructureDefinition/ig-parameter"><extension url="code"><valueCode value="fmm-definition"/></extension><extension url="value"><valueString value="http://hl7.org/fhir/versions.html#maturity"/></extension></extension><extension url="http://hl7.org/fhir/tools/StructureDefinition/ig-parameter"><extension url="code"><valueCode value="propagate-status"/></extension><extension url="value"><valueString value="true"/></extension></extension><extension url="http://hl7.org/fhir/tools/StructureDefinition/ig-parameter"><extension url="code"><valueCode value="excludelogbinaryformat"/></extension><extension url="value"><valueString value="true"/></extension></extension><extension url="http://hl7.org/fhir/tools/StructureDefinition/ig-parameter"><extension url="code"><valueCode value="tabbed-snapshots"/></extension><extension url="value"><valueString value="true"/></extension></extension><grouping id="-str-profile"><name value="Structures: Resource Profiles"/><description value="These define constraints on FHIR resources for systems conforming to this implementation guide."/></grouping><resource><extension url="http://hl7.org/fhir/tools/StructureDefinition/resource-sort"><valueInteger value="999999999"/></extension><extension url="http://hl7.org/fhir/StructureDefinition/implementationguide-page"><valueUri value="StructureDefinition-no-ehr-core-appointment.html"/></extension><reference><reference value="StructureDefinition/no-ehr-core-appointment"/></reference><name value="no-ehr-core-appointment"/><description value="A profile extending the no-basis-Appointment profile for Norwegian EHR systems."/><exampleBoolean value="false"/><groupingId value="-str-profile"/></resource><resource><extension url="http://hl7.org/fhir/tools/StructureDefinition/resource-sort"><valueInteger value="999999999"/></extension><extension url="http://hl7.org/fhir/StructureDefinition/implementationguide-page"><valueUri value="StructureDefinition-no-ehr-core-careplan.html"/></extension><reference><reference value="StructureDefinition/no-ehr-core-careplan"/></reference><name value="no-ehr-core-care-plan"/><description value="A CarePlan profile tailored for Norwegian EHR systems."/><exampleBoolean value="false"/><groupingId value="-str-profile"/></resource><resource><extension url="http://hl7.org/fhir/tools/StructureDefinition/resource-sort"><valueInteger value="999999999"/></extension><extension url="http://hl7.org/fhir/StructureDefinition/implementationguide-page"><valueUri value="StructureDefinition-no-ehr-core-composition.html"/></extension><reference><reference value="StructureDefinition/no-ehr-core-composition"/></reference><name value="no-ehr-core-composition"/><description value="A profile extending the no-basis-Composition profile for Norwegian EHR systems."/><exampleBoolean value="false"/><groupingId value="-str-profile"/></resource><resource><extension url="http://hl7.org/fhir/tools/StructureDefinition/resource-sort"><valueInteger value="999999999"/></extension><extension url="http://hl7.org/fhir/StructureDefinition/implementationguide-page"><valueUri value="StructureDefinition-no-ehr-core-documentreference.html"/></extension><reference><reference value="StructureDefinition/no-ehr-core-documentreference"/></reference><name value="no-ehr-core-document-reference"/><description value="A profile extending the no-basis-DocumentReference profile for Norwegian EHR systems."/><exampleBoolean value="false"/><groupingId value="-str-profile"/></resource><resource><extension url="http://hl7.org/fhir/tools/StructureDefinition/resource-sort"><valueInteger value="999999999"/></extension><extension url="http://hl7.org/fhir/StructureDefinition/implementationguide-page"><valueUri value="StructureDefinition-no-ehr-core-encounter.html"/></extension><reference><reference value="StructureDefinition/no-ehr-core-encounter"/></reference><name value="no-ehr-core-encounter"/><description value="An Encounter profile tailored for the NO Domain EHR Trust Framework."/><exampleBoolean value="false"/><groupingId value="-str-profile"/></resource><resource><extension url="http://hl7.org/fhir/tools/StructureDefinition/resource-sort"><valueInteger value="999999999"/></extension><extension url="http://hl7.org/fhir/StructureDefinition/implementationguide-page"><valueUri value="StructureDefinition-no-ehr-core-location.html"/></extension><reference><reference value="StructureDefinition/no-ehr-core-location"/></reference><name value="no-ehr-core-location"/><description value="A profile extending the no-basis-Location profile for Norwegian EHR systems."/><exampleBoolean value="false"/><groupingId value="-str-profile"/></resource><resource><extension url="http://hl7.org/fhir/tools/StructureDefinition/resource-sort"><valueInteger value="999999999"/></extension><extension url="http://hl7.org/fhir/StructureDefinition/implementationguide-page"><valueUri value="StructureDefinition-no-ehr-core-observation.html"/></extension><reference><reference value="StructureDefinition/no-ehr-core-observation"/></reference><name value="no-ehr-core-observation"/><description value="An Observation profile tailored for Norwegian EHR systems."/><exampleBoolean value="false"/><groupingId value="-str-profile"/></resource><resource><extension url="http://hl7.org/fhir/tools/StructureDefinition/resource-sort"><valueInteger value="999999999"/></extension><extension url="http://hl7.org/fhir/StructureDefinition/implementationguide-page"><valueUri value="StructureDefinition-no-ehr-core-organization.html"/></extension><reference><reference value="StructureDefinition/no-ehr-core-organization"/></reference><name value="no-ehr-core-organization"/><description value="An Organization profile tailored for Norwegian EHR systems."/><exampleBoolean value="false"/><groupingId value="-str-profile"/></resource><resource><extension url="http://hl7.org/fhir/tools/StructureDefinition/resource-sort"><valueInteger value="999999999"/></extension><extension url="http://hl7.org/fhir/StructureDefinition/implementationguide-page"><valueUri value="StructureDefinition-no-ehr-core-patient.html"/></extension><reference><reference value="StructureDefinition/no-ehr-core-patient"/></reference><name value="no-ehr-core-patient"/><description value="A Patient profile extending the no-basis-Patient profile for Norwegian EHR systems."/><exampleBoolean value="false"/><groupingId value="-str-profile"/></resource><resource><extension url="http://hl7.org/fhir/tools/StructureDefinition/resource-sort"><valueInteger value="999999999"/></extension><extension url="http://hl7.org/fhir/StructureDefinition/implementationguide-page"><valueUri value="StructureDefinition-no-ehr-core-practitioner.html"/></extension><reference><reference value="StructureDefinition/no-ehr-core-practitioner"/></reference><name value="no-ehr-core-practitioner"/><description value="A Practitioner profile extending the no-basis-Practitioner profile for Norwegian EHR systems."/><exampleBoolean value="false"/><groupingId value="-str-profile"/></resource><page><extension url="http://hl7.org/fhir/tools/StructureDefinition/ig-page-name"><valueUrl value="toc.html"/></extension><nameUrl value="toc.html"/><title value="Table of Contents"/><generation value="html"/><page><extension url="http://hl7.org/fhir/tools/StructureDefinition/ig-page-name"><valueUrl value="index.html"/></extension><nameUrl value="index.html"/><title value="Home"/><generation value="markdown"/></page><page><extension url="http://hl7.org/fhir/tools/StructureDefinition/ig-page-name"><valueUrl value="conformance.html"/></extension><nameUrl value="conformance.html"/><title value="Conformance"/><generation value="markdown"/></page><page><extension url="http://hl7.org/fhir/tools/StructureDefinition/ig-page-name"><valueUrl value="api.html"/></extension><nameUrl value="api.html"/><title value="API Documentation"/><generation value="markdown"/><page><extension url="http://hl7.org/fhir/tools/StructureDefinition/ig-page-name"><valueUrl value="practitionerContextOps.html"/></extension><nameUrl value="practitionerContextOps.html"/><title value="Practitioner operations"/><generation value="markdown"/></page><page><extension url="http://hl7.org/fhir/tools/StructureDefinition/ig-page-name"><valueUrl value="appointmentOps.html"/></extension><nameUrl value="appointmentOps.html"/><title value="Appointment operations"/><generation value="markdown"/></page><page><extension url="http://hl7.org/fhir/tools/StructureDefinition/ig-page-name"><valueUrl value="carePlanOps.html"/></extension><nameUrl value="carePlanOps.html"/><title value="CarePlan operations"/><generation value="markdown"/></page><page><extension url="http://hl7.org/fhir/tools/StructureDefinition/ig-page-name"><valueUrl value="compositionOps.html"/></extension><nameUrl value="compositionOps.html"/><title value="Composition operations"/><generation value="markdown"/></page><page><extension url="http://hl7.org/fhir/tools/StructureDefinition/ig-page-name"><valueUrl value="documentReferenceOps.html"/></extension><nameUrl value="documentReferenceOps.html"/><title value="DocumentReference operations"/><generation value="markdown"/></page><page><extension url="http://hl7.org/fhir/tools/StructureDefinition/ig-page-name"><valueUrl value="encounterOps.html"/></extension><nameUrl value="encounterOps.html"/><title value="Encounter operations"/><generation value="markdown"/></page><page><extension url="http://hl7.org/fhir/tools/StructureDefinition/ig-page-name"><valueUrl value="locationOps.html"/></extension><nameUrl value="locationOps.html"/><title value="Location operations"/><generation value="markdown"/></page><page><extension url="http://hl7.org/fhir/tools/StructureDefinition/ig-page-name"><valueUrl value="observationOps.html"/></extension><nameUrl value="observationOps.html"/><title value="Observation operations"/><generation value="markdown"/></page><page><extension url="http://hl7.org/fhir/tools/StructureDefinition/ig-page-name"><valueUrl value="patientOps.html"/></extension><nameUrl value="patientOps.html"/><title value="Patient operations"/><generation value="markdown"/></page><page><extension url="http://hl7.org/fhir/tools/StructureDefinition/ig-page-name"><valueUrl value="practitionerOps.html"/></extension><nameUrl value="practitionerOps.html"/><title value="Practitioner operations"/><generation value="markdown"/></page></page><page><extension url="http://hl7.org/fhir/tools/StructureDefinition/ig-page-name"><valueUrl value="artifacts.html"/></extension><nameUrl value="artifacts.html"/><title value="Artifacts Summary"/><generation value="html"/><page><extension url="http://hl7.org/fhir/tools/StructureDefinition/ig-page-name"><valueUrl value="StructureDefinition-no-ehr-core-appointment.html"/></extension><nameUrl value="StructureDefinition-no-ehr-core-appointment.html"/><title value="no-ehr-core-appointment"/><generation value="generated"/></page><page><extension url="http://hl7.org/fhir/tools/StructureDefinition/ig-page-name"><valueUrl value="StructureDefinition-no-ehr-core-careplan.html"/></extension><nameUrl value="StructureDefinition-no-ehr-core-careplan.html"/><title value="no-ehr-core-care-plan"/><generation value="generated"/></page><page><extension url="http://hl7.org/fhir/tools/StructureDefinition/ig-page-name"><valueUrl value="StructureDefinition-no-ehr-core-composition.html"/></extension><nameUrl value="StructureDefinition-no-ehr-core-composition.html"/><title value="no-ehr-core-composition"/><generation value="generated"/></page><page><extension url="http://hl7.org/fhir/tools/StructureDefinition/ig-page-name"><valueUrl value="StructureDefinition-no-ehr-core-documentreference.html"/></extension><nameUrl value="StructureDefinition-no-ehr-core-documentreference.html"/><title value="no-ehr-core-document-reference"/><generation value="generated"/></page><page><extension url="http://hl7.org/fhir/tools/StructureDefinition/ig-page-name"><valueUrl value="StructureDefinition-no-ehr-core-encounter.html"/></extension><nameUrl value="StructureDefinition-no-ehr-core-encounter.html"/><title value="no-ehr-core-encounter"/><generation value="generated"/></page><page><extension url="http://hl7.org/fhir/tools/StructureDefinition/ig-page-name"><valueUrl value="StructureDefinition-no-ehr-core-location.html"/></extension><nameUrl value="StructureDefinition-no-ehr-core-location.html"/><title value="no-ehr-core-location"/><generation value="generated"/></page><page><extension url="http://hl7.org/fhir/tools/StructureDefinition/ig-page-name"><valueUrl value="StructureDefinition-no-ehr-core-observation.html"/></extension><nameUrl value="StructureDefinition-no-ehr-core-observation.html"/><title value="no-ehr-core-observation"/><generation value="generated"/></page><page><extension url="http://hl7.org/fhir/tools/StructureDefinition/ig-page-name"><valueUrl value="StructureDefinition-no-ehr-core-organization.html"/></extension><nameUrl value="StructureDefinition-no-ehr-core-organization.html"/><title value="no-ehr-core-organization"/><generation value="generated"/></page><page><extension url="http://hl7.org/fhir/tools/StructureDefinition/ig-page-name"><valueUrl value="StructureDefinition-no-ehr-core-patient.html"/></extension><nameUrl value="StructureDefinition-no-ehr-core-patient.html"/><title value="no-ehr-core-patient"/><generation value="generated"/></page><page><extension url="http://hl7.org/fhir/tools/StructureDefinition/ig-page-name"><valueUrl value="StructureDefinition-no-ehr-core-practitioner.html"/></extension><nameUrl value="StructureDefinition-no-ehr-core-practitioner.html"/><title value="no-ehr-core-practitioner"/><generation value="generated"/></page></page></page><parameter><code value="path-resource"/><value value="input/capabilities"/></parameter><parameter><code value="path-resource"/><value value="input/examples"/></parameter><parameter><code value="path-resource"/><value value="input/extensions"/></parameter><parameter><code value="path-resource"/><value value="input/models"/></parameter><parameter><code value="path-resource"/><value value="input/operations"/></parameter><parameter><code value="path-resource"/><value value="input/profiles"/></parameter><parameter><code value="path-resource"/><value value="input/resources"/></parameter><parameter><code value="path-resource"/><value value="input/vocabulary"/></parameter><parameter><code value="path-resource"/><value value="input/maps"/></parameter><parameter><code value="path-resource"/><value value="input/testing"/></parameter><parameter><code value="path-resource"/><value value="input/history"/></parameter><parameter><code value="path-resource"/><value value="fsh-generated/resources"/></parameter><parameter><code value="path-pages"/><value value="template/config"/></parameter><parameter><code value="path-pages"/><value value="input/images"/></parameter><parameter><code value="path-tx-cache"/><value value="input-cache/txcache"/></parameter></definition></ImplementationGuide>